Compound,Min,Mean,Max,Min_index,Max_index,Counts,Weighted_mean
alkane CH,0,8.927357937902753,26,21,1007,3345,9.111509715994021
alkene CH,0,0.3397773872290568,6,0,3171,662,1.7522658610271904
aromatic CH,0,0.210896309314587,6,0,2566,225,3.2
carbonyl,0,0.8901581722319859,5,2,1,1848,1.6444805194805194
ketone,0,0.5875805506736965,5,2,1,1433,1.3998604326587578
carbon number,1,6.704452255418864,15,114,4,3414,6.704452255418864
oxygen count,0,4.052431165787932,12,130,75,3333,4.150915091509151
