Compound,Min,Mean,Max,Min_index,Max_index,Counts,Weighted_mean
alkane CH,0,5.487720074596201,22,0,30947,30733,5.649139361598282
carbonyl,0,1.3481366754117015,6,1,11211,25367,1.681357669413017
hydroxyl (alkyl),0,0.8232133261687264,5,0,9905,18268,1.4256623604116487
ketone,0,0.8283023042639946,5,0,12651,18390,1.4249592169657423
carbon number,1,6.859879255302336,10,0,1133,31637,6.859879255302336
oxygen count,0,9.93330593924835,17,30947,3717,31636,9.933619926665823
nitrophenol,0,0.0008850396687422954,6,0,20205,8,3.5
